"CASE_ID","CLIENT_ID","CHILD_CLIENT_ID","CLIENT_NAME","SERVICE_COMPONENT","VLNTRY_IND","VOLUNTARY_STATUS_END_DT","THIRD_ID","PLEPS_ENDT","INTERVENTION_RSN","LEGAL_AUTHORITY","HEARING_ID","HEARING_DT","COURT_RESULT_ID","FNDGORDC","COURT_ORDER","HEARING_ID","HEARING_LST_UPT","CHR_RSLT_B","FKCASE_HR0","FKCASE_HRT"
AbFlcUx3TG,TnrMsmmCrp,TnrMsmmCrp,Aden Luke,Permanent Placement                     ,N,2021-11-12,RFsBQsBGMY,2021-05-12,Guardian Requesting FC Payment          ,Guardian Non-Relative                   ,"2gYfFH7FYA",2021-11-12,IJN2DeLBx2,5857,Dependency Terminated                   ,"2gYfFH7FYA",2021-11-15 11:55:45.546,Y,"2gYfFH7FYA",AbFlcUx3TG
AbFlcUx3TG,TnrMsmmCrp,TnrMsmmCrp,Aden Luke,Permanent Placement                     ,N,2021-11-12,RFsBQsBGMY,2021-05-12,Guardian Requesting FC Payment          ,Guardian Non-Relative                   ,"2gYfFH7FYA",2021-11-12,I0cNEs5Bx2,1362,Jurisdiction Terminated                 ,"2gYfFH7FYA",2021-11-15 11:55:45.546,Y,"2gYfFH7FYA",AbFlcUx3TG
AcJpot15bY,"7c6RK6f0b0","7c6RK6f0b0",Anthony Holmes,Permanent Placement                     ,N,2017-03-23,K99LJQJE6N,,Guardian Requesting FC Payment          ,Guardian Non-Relative                   ,K103Z4f6XU,2017-01-18,"3WxxGZZ6XU",1362,Jurisdiction Terminated                 ,K103Z4f6XU,2017-01-18 14:20:03.681,Y,K103Z4f6XU,AcJpot15bY
AkDqdJx33A,CDHNV8z33A,CDHNV8z33A,Brandon Cooper,Permanent Placement                     ,N,2003-04-15,EjMRzGb3oF,2003-03-24,Guardian Requesting FC Payment          ,Guardian Non-Relative                   ,B5ZAQrf9XS,2003-03-24,"6O6TjeB3nd",5857,Dependency Terminated                   ,B5ZAQrf9XS,2003-03-27 11:56:26.380,Y,B5ZAQrf9XS,AkDqdJx33A
ArCyb8U2Nj,"1ISWsz42LK","1ISWsz42LK",Cristina Quevedo,Permanent Placement                     ,N,2002-05-02,G5zl06s2LK,2000-01-25,Guardian Requesting FC Payment          ,Guardian Non-Relative                   ,"2E6Y5cC5pu",2000-07-19,GIg3dUy7yL,1362,Jurisdiction Terminated                 ,"2E6Y5cC5pu",2000-07-21 15:19:50.013,Y,"2E6Y5cC5pu",ArCyb8U2Nj
AuzsW1315A,C9RHutd15A,C9RHutd15A,Sabrina Olmos,Permanent Placement                     ,N,2012-07-26,RkmOpUH15A,2012-04-01,Guardian Requesting FC Payment          ,Guardian Non-Relative                   ,RuNvel45vb,2010-11-18,"841x5ROIFA",5857,Dependency Terminated                   ,RuNvel45vb,2010-11-18 13:39:46.773,Y,RuNvel45vb,AuzsW1315A
ACPHC903Qf,NXkbyjq5fa,NXkbyjq5fa,Pedro Edington,Permanent Placement                     ,N,2008-08-01,LjBWalaBLr,2008-07-11,Guardian Requesting FC Payment          ,Guardian Non-Relative                   ,"414YnlsDCE",2008-07-11,LzhOOhIDCE,5857,Dependency Terminated                   ,"414YnlsDCE",2008-07-11 17:07:18.666,Y,"414YnlsDCE",ACPHC903Qf
ALx6nTv2UZ,KUHNGAT37S,KUHNGAT37S,Amber Martin,Permanent Placement                     ,N,2003-10-08,NnL4BctBqn,2003-08-11,Guardian Requesting FC Payment          ,Guardian Non-Relative                   ,Hk2Xzeh9d6,2003-08-11,GENBnDb7yK,1362,Jurisdiction Terminated                 ,Hk2Xzeh9d6,2003-08-12 10:38:44.389,Y,Hk2Xzeh9d6,ALx6nTv2UZ
BFQnzta191,NeHuBoA191,NeHuBoA191,Devon Gadd,Permanent Placement                     ,N,2006-12-06,Oz1mWWo191,2006-07-18,Guardian Requesting FC Payment          ,Guardian Non-Relative                   ,AQt4xvW71B,2006-04-13,"5q59kC2Byq",1362,Jurisdiction Terminated                 ,AQt4xvW71B,2006-12-06 11:41:31.977,Y,AQt4xvW71B,BFQnzta191
BFQnzta191,NeHuBoA191,NeHuBoA191,Devon Gadd,Permanent Placement                     ,N,2006-12-06,Oz1mWWo191,2006-07-18,Guardian Requesting FC Payment          ,Guardian Non-Relative                   ,P7IbsTm2EP,2006-04-13,"6BNe7Ok6Mz",1362,Jurisdiction Terminated                 ,P7IbsTm2EP,2006-12-06 11:36:34.311,Y,P7IbsTm2EP,BFQnzta191
CiNXmVw2KX,EeZoGKlB6w,EeZoGKlB6w,Simone Cameron,Permanent Placement                     ,N,2006-08-01,"7u7eYaq7o9",2006-07-31,Guardian Requesting FC Payment          ,Guardian Non-Relative                   ,NdSGei22Mq,2006-07-31,"2qWuRys9v7",5857,Dependency Terminated                   ,NdSGei22Mq,2006-07-31 12:30:17.531,Y,NdSGei22Mq,CiNXmVw2KX
CjPkYYh3cu,"7bGocY13ar","7bGocY13ar",Alex Pina,Permanent Placement                     ,N,2014-01-24,RLbYWAZJPd,2013-10-01,Guardian Requesting FC Payment          ,Guardian Non-Relative                   ,"8TnChubDcf",2013-10-01,"31bo7rVEUE",5857,Dependency Terminated                   ,"8TnChubDcf",2013-10-02 11:30:33.261,Y,"8TnChubDcf",CjPkYYh3cu
CEDrZhFAwq,JnEZDFoC5Y,JnEZDFoC5Y,Trayvon Stewart,Permanent Placement                     ,N,2012-02-10,OI8KPl9IRk,,Guardian Requesting FC Payment          ,Guardian Non-Relative                   ,"6d0RziBDkd",2011-11-02,ApR85NvDkd,1362,Jurisdiction Terminated                 ,"6d0RziBDkd",2011-11-02 15:37:31.427,Y,"6d0RziBDkd",CEDrZhFAwq
CK3ESB730A,CcntQxN30A,CcntQxN30A,Joshua Chambers,Permanent Placement                     ,N,2003-10-03,J7wPt7R30A,2003-09-22,Guardian Requesting FC Payment          ,Guardian Non-Relative                   ,C2klqA39hc,2003-09-22,"0NbwO1f9hc",5857,Dependency Terminated                   ,C2klqA39hc,2003-09-23 12:36:31.482,Y,C2klqA39hc,CK3ESB730A
CTjVHrO7x1,"0AS7Det7x1","0AS7Det7x1",Anjoline Gomez,Permanent Placement                     ,N,2010-03-08,"96FFh7K7x1",2009-08-31,Guardian Requesting FC Payment          ,Guardian Non-Relative                   ,"4UWYXRm63L",2010-03-08,Iohl6n063L,5857,Dependency Terminated                   ,"4UWYXRm63L",2010-03-16 15:55:37.483,Y,"4UWYXRm63L",CTjVHrO7x1
CTjVHrO7x1,"0AS7Det7x1","0AS7Det7x1",Anjoline Gomez,Permanent Placement                     ,N,2010-03-08,"96FFh7K7x1",2009-08-31,Guardian Requesting FC Payment          ,Guardian Non-Relative                   ,"4UWYXRm63L",2010-03-08,IVx680k63L,1362,Jurisdiction Terminated                 ,"4UWYXRm63L",2010-03-16 15:55:37.483,Y,"4UWYXRm63L",CTjVHrO7x1
CWbERCt83P,PpwT6Vu0KD,PpwT6Vu0KD,Immanuel Ryan,Permanent Placement                     ,N,,Gq8gI1tEjJ,,Guardian Requesting FC Payment          ,Guardian Non-Relative                   ,GgrMp9MDA7,2012-03-13,"1Y3w640DA7",5857,Dependency Terminated                   ,GgrMp9MDA7,2012-04-18 16:15:46.565,Y,GgrMp9MDA7,CWbERCt83P
C7HVcRJ3aI,"3SeVwNZ3ar","3SeVwNZ3ar",Esmeralda Camberos,Permanent Placement                     ,N,2014-01-24,"1334f3X72v",2013-03-07,Guardian Requesting FC Payment          ,Guardian Non-Relative                   ,U9pZ57oK3J,2013-03-07,"17n7nUnEUE",5857,Dependency Terminated                   ,U9pZ57oK3J,2013-03-11 08:22:25.283,Y,U9pZ57oK3J,C7HVcRJ3aI
DhWzwpi5Fa,KtYErRp36B,KtYErRp36B,Terry Grayson,Permanent Placement                     ,N,2008-04-02,GRPX68s6Ss,2008-03-03,Guardian Requesting FC Payment          ,Guardian Non-Relative                   ,"5IaW3o41Aa",2008-03-03,OJtZbG0F4k,1362,Jurisdiction Terminated                 ,"5IaW3o41Aa",2008-03-04 12:10:42.983,Y,"5IaW3o41Aa",DhWzwpi5Fa
DkgXhVY2cc,AWLVAYb01S,AWLVAYb01S,Corlesha Calimee,Permanent Placement                     ,N,2007-10-03,M7NLq922cc,2007-09-07,Guardian Requesting FC Payment          ,Guardian Non-Relative                   ,IxscLiV5Ip,2007-09-07,"3qA6TYBApl",5857,Dependency Terminated                   ,IxscLiV5Ip,2007-09-11 09:49:49.163,Y,IxscLiV5Ip,DkgXhVY2cc
Dw3v1nQ2R7,"3Z1SC6j37S","3Z1SC6j37S",R. S. Shelton,Permanent Placement                     ,N,2000-12-20,"8tBj33s2U8",2000-12-08,Guardian Requesting FC Payment          ,Guardian Non-Relative                   ,N9Km67w7yB,2000-11-08,"4AwYTRM7yJ",1362,Jurisdiction Terminated                 ,N9Km67w7yB,2000-11-09 14:47:20.027,Y,N9Km67w7yB,Dw3v1nQ2R7
Dw3v1nQ2R7,"3Z1SC6j37S","3Z1SC6j37S",R. S. Shelton,Permanent Placement                     ,N,2000-12-20,"8tBj33s2U8",2000-12-08,Guardian Requesting FC Payment          ,Guardian Non-Relative                   ,N9Km67w7yB,2000-11-08,"5zSWM6u7yJ",5857,Dependency Terminated                   ,N9Km67w7yB,2000-11-09 14:47:20.027,Y,N9Km67w7yB,Dw3v1nQ2R7
DyeuWIB2Ok,"0nC5g9P9so","0nC5g9P9so",B'Andre White,Permanent Placement                     ,N,2007-01-17,CnbkBth7o9,2006-10-17,Guardian Requesting FC Payment          ,Guardian Non-Relative                   ,"3xGdfRK9qN",2006-10-17,TeHpXTe771,5857,Dependency Terminated                   ,"3xGdfRK9qN",2006-10-17 14:51:50.917,Y,"3xGdfRK9qN",DyeuWIB2Ok
DyeuWIB2Ok,"0nC5g9P9so","0nC5g9P9so",B'Andre White,Permanent Placement                     ,N,2007-01-17,CnbkBth7o9,2006-10-17,Guardian Requesting FC Payment          ,Guardian Non-Relative                   ,"3xGdfRK9qN",2006-10-17,TLXAYhO771,1362,Jurisdiction Terminated                 ,"3xGdfRK9qN",2006-10-17 14:51:50.917,Y,"3xGdfRK9qN",DyeuWIB2Ok
DENeMM537S,GmX4eqv37S,GmX4eqv37S,Nicole Rodriguez,Permanent Placement                     ,N,2005-12-21,NGRuoSX37S,2005-12-20,Guardian Requesting FC Payment          ,Guardian Non-Relative                   ,D9sxorZ6XR,2005-11-16,"4hGH25J6XR",5857,Dependency Terminated                   ,D9sxorZ6XR,2005-11-16 14:01:25.649,Y,D9sxorZ6XR,DENeMM537S
D4lLIPA4nk,PQqilNp36B,PQqilNp36B,Michael Dolan,Permanent Placement                     ,N,2015-01-20,FhZO26X72v,2013-08-02,Guardian Requesting FC Payment          ,Guardian Non-Relative                   ,IF4EcMMDcf,2015-01-20,SKrRpB5LDH,5857,Dependency Terminated                   ,IF4EcMMDcf,2015-01-22 08:01:38.078,Y,IF4EcMMDcf,D4lLIPA4nk
Eyl6MDZ33A,G93yFGL33A,G93yFGL33A,Dontae Cooper,Permanent Placement                     ,N,2003-04-15,SATQLkf3oF,2003-03-24,Guardian Requesting FC Payment          ,Guardian Non-Relative                   ,B5ZAQrf9XS,2003-03-24,OVnIuj13nd,5857,Dependency Terminated                   ,B5ZAQrf9XS,2003-03-27 11:56:26.380,Y,B5ZAQrf9XS,Eyl6MDZ33A
EOqXkzi2Iu,"9vgwle537S","9vgwle537S",Janiqua Nathan,Permanent Placement                     ,N,2000-12-01,JYGfpQI6E5,2002-01-16,Guardian Requesting FC Payment          ,Guardian Non-Relative                   ,QlEvdGm7y1,2000-07-31,"56aXqvE2O7",5857,Dependency Terminated                   ,QlEvdGm7y1,2000-08-08 14:33:37.680,Y,QlEvdGm7y1,EOqXkzi2Iu
EPvC2aJ4DP,Ddjxsbz7G8,Ddjxsbz7G8,Kyshon Meyers,Permanent Placement                     ,N,2009-11-30,RNi6B3D4DP,2008-12-01,Guardian Requesting FC Payment          ,Guardian Non-Relative                   ,"21dKdJ7E1f",2009-11-02,BHHnWiTApl,5857,Dependency Terminated                   ,"21dKdJ7E1f",2009-11-05 14:36:26.836,Y,"21dKdJ7E1f",EPvC2aJ4DP
EXxeeKaGWM,QGYGvcoCTz,QGYGvcoCTz,Krista Wallace,Permanent Placement                     ,N,2021-08-01,K1JgDxnFQM,2021-08-01,Guardian Requesting FC Payment          ,Guardian Non-Relative                   ,JGFhHv43Vg,2010-10-27,S0n3heQ3Vg,5857,Dependency Terminated                   ,JGFhHv43Vg,2010-11-03 10:31:35.545,Y,JGFhHv43Vg,EXxeeKaGWM
EYpLS0sC8B,EG4gTEcC8B,EG4gTEcC8B,Damon Williams,Permanent Placement                     ,N,2013-08-02,JeyTeDH6Ia,2013-03-14,Guardian Requesting FC Payment          ,Guardian Non-Relative                   ,BQ1ueGXFXp,2013-03-14,CArRReTFXz,1362,Jurisdiction Terminated                 ,BQ1ueGXFXp,2013-05-03 09:18:01.793,Y,BQ1ueGXFXp,EYpLS0sC8B
EYYXL37FDr,BN05nWb01S,BN05nWb01S,Denika Williams,Permanent Placement                     ,N,2011-08-03,QkFHIKb4DP,2011-06-18,Guardian Requesting FC Payment          ,Guardian Non-Relative                   ,"1Inr0CVEmV",2011-08-03,SIC1mPfApl,5857,Dependency Terminated                   ,"1Inr0CVEmV",2011-08-04 15:52:46.061,Y,"1Inr0CVEmV",EYYXL37FDr
E0VY5Wq3td,D6U1ecs191,D6U1ecs191,Ashley Moore,Permanent Placement                     ,N,2009-11-23,"1lKUm8966A",2009-11-16,Guardian Requesting FC Payment          ,Guardian Non-Relative                   ,P2naVzx6wy,2009-11-17,"1FACXojByq",1362,Jurisdiction Terminated                 ,P2naVzx6wy,2009-11-20 16:20:44.396,Y,P2naVzx6wy,E0VY5Wq3td
E84UOoc3i4,FqTBOca8na,FqTBOca8na,Jacob Tuttle,Permanent Placement                     ,N,2018-08-03,"9nj0j7S3Yu",2018-08-03,Guardian Requesting FC Payment          ,Guardian Non-Relative                   ,"9gk6d8wEGw",2018-08-03,"5XA03ZmEGw",5857,Dependency Terminated                   ,"9gk6d8wEGw",2018-08-08 11:12:36.694,Y,"9gk6d8wEGw",E84UOoc3i4
FpvQ6wV4DP,"3SsBh5v7G8","3SsBh5v7G8",Tiasha Meyers,Permanent Placement                     ,N,2005-03-25,GLsiEqp4DP,2003-08-28,Guardian Requesting FC Payment          ,Guardian Non-Relative                   ,BEEQgi77cR,2003-10-01,PaVKHChApl,5857,Dependency Terminated                   ,BEEQgi77cR,2003-10-06 12:32:24.291,Y,BEEQgi77cR,FpvQ6wV4DP
FpTv63sAec,"4lV83yAAdW","4lV83yAAdW",Crystal Nolasco,Permanent Placement                     ,N,2020-10-15,Mo0e2l6JgP,2020-10-15,Guardian Requesting FC Payment          ,Guardian Non-Relative                   ,FMeSP60aXL,2020-10-15,OzXFG12Np8,5857,Dependency Terminated                   ,FMeSP60aXL,2020-10-19 15:23:54.687,Y,FMeSP60aXL,FpTv63sAec
FpTv63sAec,"4lV83yAAdW","4lV83yAAdW",Crystal Nolasco,Permanent Placement                     ,N,2020-10-15,Mo0e2l6JgP,2020-10-15,Guardian Requesting FC Payment          ,Guardian Non-Relative                   ,FMeSP60aXL,2020-10-15,OO1vISWNp8,1362,Jurisdiction Terminated                 ,FMeSP60aXL,2020-10-19 15:23:54.687,Y,FMeSP60aXL,FpTv63sAec
FFjb6S8Aec,"7j33KSUFE8","7j33KSUFE8",Gabriela Nolasco,Permanent Placement                     ,N,2020-10-15,"1AuVDuaJgP",2020-10-15,Guardian Requesting FC Payment          ,Guardian Non-Relative                   ,FMeSP60aXL,2020-10-15,EIkRjdANp8,5857,Dependency Terminated                   ,FMeSP60aXL,2020-10-19 15:23:54.687,Y,FMeSP60aXL,FFjb6S8Aec
FFjb6S8Aec,"7j33KSUFE8","7j33KSUFE8",Gabriela Nolasco,Permanent Placement                     ,N,2020-10-15,"1AuVDuaJgP",2020-10-15,Guardian Requesting FC Payment          ,Guardian Non-Relative                   ,FMeSP60aXL,2020-10-15,Kg19xbENp8,1362,Jurisdiction Terminated                 ,FMeSP60aXL,2020-10-19 15:23:54.687,Y,FMeSP60aXL,FFjb6S8Aec
FGuW08s9gN,"9BiW4qP07S","9BiW4qP07S",Jakeia Dunn,Permanent Placement                     ,N,2006-06-28,"9wEi5Ju3Ku",2006-06-29,Guardian Requesting FC Payment          ,Guardian Non-Relative                   ,RLidfwGCRJ,2004-06-04,ETwjphQA1n,5857,Dependency Terminated                   ,RLidfwGCRJ,2004-06-08 14:37:23.110,Y,RLidfwGCRJ,FGuW08s9gN
GLMcDuME3I,O0RVr3ZDYe,O0RVr3ZDYe,Shayleen Wilder,Permanent Placement                     ,N,2010-07-22,GW6XV2YJz8,2021-06-03,Guardian Requesting FC Payment          ,Guardian Non-Relative                   ,QytNg0E9Kg,2010-07-02,Dghv2xq9Kg,5857,Dependency Terminated                   ,QytNg0E9Kg,2010-07-07 16:35:54.574,Y,QytNg0E9Kg,GLMcDuME3I
G0CN19u7Ca,TgeZGz394v,TgeZGz394v,Chantilay Jefferson,Permanent Placement                     ,N,,DADg3rGHe6,,Guardian Requesting FC Payment          ,Guardian Non-Relative                   ,"2eon6x09y0",2022-11-02,PwwTDR49y0,5857,Dependency Terminated                   ,"2eon6x09y0",2022-11-04 10:31:41.420,Y,"2eon6x09y0",G0CN19u7Ca
HkfhvBU3QI,SfujwAL15A,SfujwAL15A,Moriah Navarette,Permanent Placement                     ,N,2006-01-06,"7UvcUR28i5",2005-10-14,Guardian Requesting FC Payment          ,Guardian Non-Relative                   ,TNBbcanDzm,2005-10-14,Fbp9ztR5vb,5857,Dependency Terminated                   ,TNBbcanDzm,2005-11-21 10:30:58.177,Y,TNBbcanDzm,HkfhvBU3QI
HuTUHKf25K,SH8y9um7zP,SH8y9um7zP,Amber Larsen,Permanent Placement                     ,N,2004-04-06,MIHmZGf7D3,2004-03-15,Guardian Requesting FC Payment          ,Guardian Non-Relative                   ,DBK3rIl9he,2004-03-15,StBHvDM25K,5857,Dependency Terminated                   ,DBK3rIl9he,2004-03-26 09:41:46.875,Y,DBK3rIl9he,HuTUHKf25K
HP4Dy6JAnX,PRD5yKRBqK,PRD5yKRBqK,Jack Brooks,Permanent Placement                     ,N,2012-10-31,"1LodTUl3Yu",2012-09-05,Guardian Requesting FC Payment          ,Guardian Non-Relative                   ,"3YR2n2GEGw",2012-09-05,EsEG5Y0EUE,5857,Dependency Terminated                   ,"3YR2n2GEGw",2012-09-10 10:41:48.313,Y,"3YR2n2GEGw",HP4Dy6JAnX
HSKLQyU5vI,"8CbasFy5vM","8CbasFy5vM",Alex Son,Permanent Placement                     ,N,2012-06-26,TmOomta5vH,2011-11-21,Guardian Requesting FC Payment          ,Guardian Non-Relative                   ,DYK7BwmByq,2012-06-11,SgNaSOWFXz,1362,Jurisdiction Terminated                 ,DYK7BwmByq,2012-09-06 11:24:17.046,Y,DYK7BwmByq,HSKLQyU5vI
HVpGgJF01S,DWAoLBJ01S,DWAoLBJ01S,Julian Chase,Permanent Placement                     ,N,2008-12-23,FCn3Lei4DP,2008-12-23,Guardian Requesting FC Payment          ,Guardian Non-Relative                   ,CH0f3iWC0t,2008-12-23,Eh8ULpE4AY,5857,Dependency Terminated                   ,CH0f3iWC0t,2008-12-29 10:37:55.945,Y,CH0f3iWC0t,HVpGgJF01S
H1HJBJ83Rm,AnrjErC195,AnrjErC195,Crystel Hubbard,Permanent Placement                     ,N,2009-10-08,ENlc2reBBq,2009-09-21,Guardian Requesting FC Payment          ,Guardian Non-Relative                   ,Jpg8YH7Epq,2009-09-21,QXfGf1REpq,5857,Dependency Terminated                   ,Jpg8YH7Epq,2009-09-24 11:30:41.748,Y,Jpg8YH7Epq,H1HJBJ83Rm
H8xeDAOC0W,"3FEtz6BBPZ","3FEtz6BBPZ",Kedesha Wilson,Permanent Placement                     ,N,2011-04-29,JA3JXqxAoW,2012-07-01,Guardian Requesting FC Payment          ,Guardian Non-Relative                   ,I3krKNr4FD,2011-04-12,"6CgHxYlApl",5857,Dependency Terminated                   ,I3krKNr4FD,2011-04-13 14:56:18.878,Y,I3krKNr4FD,H8xeDAOC0W
IcaM8rb8CE,CWJdLCo8m7,CWJdLCo8m7,Kevin Williams,Permanent Placement                     ,N,2012-01-23,F9n7e5Y4iP,2021-05-11,Guardian Requesting FC Payment          ,Guardian Non-Relative                   ,"3xHp7QlFxq",2011-09-06,M2AN3c7Fuc,5857,Dependency Terminated                   ,"3xHp7QlFxq",2011-09-09 15:48:28.288,Y,"3xHp7QlFxq",IcaM8rb8CE
ImYIOrR2Ln,RZUULRp2MF,RZUULRp2MF,Cherie Rouzan,Permanent Placement                     ,N,2007-02-15,"6Xv3wF02RA",2006-11-30,Guardian Requesting FC Payment          ,Guardian Non-Relative                   ,OX1gLhD9xQ,2007-01-30,"3hVwiwl771",1362,Jurisdiction Terminated                 ,OX1gLhD9xQ,2007-01-30 13:17:49.396,Y,OX1gLhD9xQ,ImYIOrR2Ln
ImYIOrR2Ln,RZUULRp2MF,RZUULRp2MF,Cherie Rouzan,Permanent Placement                     ,N,2007-02-15,"6Xv3wF02RA",2006-11-30,Guardian Requesting FC Payment          ,Guardian Non-Relative                   ,OX1gLhD9xQ,2007-01-30,"40Gbhj1771",5857,Dependency Terminated                   ,OX1gLhD9xQ,2007-01-30 13:17:49.396,Y,OX1gLhD9xQ,ImYIOrR2Ln
IvAmGJH84x,IrBsZrV54S,IrBsZrV54S,Victor Espinoza,Permanent Placement                     ,N,2010-02-26,OhZuv1v84x,2010-02-09,Guardian Requesting FC Payment          ,Guardian Non-Relative                   ,"5Y2DenuCH3",2010-02-09,S61UDzKFrk,5857,Dependency Terminated                   ,"5Y2DenuCH3",2010-02-10 08:33:11.036,Y,"5Y2DenuCH3",IvAmGJH84x
IHxNIBd7HV,"8ijHyi99oD","8ijHyi99oD",Alyssa Coon,Permanent Placement                     ,N,2019-11-15,"4eWoaYr3Yu",2019-11-15,Guardian Requesting FC Payment          ,Guardian Non-Relative                   ,EHLYGN5byJ,2019-11-15,TJV8pfjEGw,5857,Dependency Terminated                   ,EHLYGN5byJ,2019-11-27 14:58:21.049,Y,EHLYGN5byJ,IHxNIBd7HV
IMVX5NJ33A,"35AhMVV33A","35AhMVV33A",Ilona Smetana,Permanent Placement                     ,N,2002-08-12,"6E4TGXB33A",2002-07-27,Guardian Requesting FC Payment          ,Guardian Non-Relative                   ,"9j2eSIQ3n3",2002-07-29,IZ64a625SZ,5857,Dependency Terminated                   ,"9j2eSIQ3n3",2002-07-29 11:34:14.408,Y,"9j2eSIQ3n3",IMVX5NJ33A
INyI8h704F,Igix7TN04F,Igix7TN04F,Christian Faafiu,Permanent Placement                     ,N,2000-12-26,DAwHJnV04F,2000-06-01,Guardian Requesting FC Payment          ,Guardian Non-Relative                   ,R3KzmSa3El,2000-06-01,"2u3DfUq3El",5857,Dependency Terminated                   ,R3KzmSa3El,2001-03-31 07:02:14.520,Y,R3KzmSa3El,INyI8h704F
Ja2qhCD56F,JsnVfyT56F,JsnVfyT56F,Margaret Stotts,Permanent Placement                     ,N,2000-07-31,Jb2SCWH56F,2000-06-30,Guardian Requesting FC Payment          ,Guardian Non-Relative                   ,TQ9XUp82xo,1998-08-10,HCcRbhS7Hn,1362,Jurisdiction Terminated                 ,TQ9XUp82xo,1998-12-15 14:21:39.639,Y,TQ9XUp82xo,Ja2qhCD56F
Jc0EbHY4CF,O4ienEv01S,O4ienEv01S,Emily Litton,Permanent Placement                     ,N,2006-06-19,HiszqtA4CF,2006-06-14,Guardian Requesting FC Payment          ,Guardian Non-Relative                   ,"7KIqUbv5Zb",2003-07-18,MCm0Z7fC0q,1362,Jurisdiction Terminated                 ,"7KIqUbv5Zb",2003-07-22 09:49:37.450,Y,"7KIqUbv5Zb",Jc0EbHY4CF
JuSBZNgJOi,CSgX25NEfk,CSgX25NEfk,Julian Luna Quintana,Permanent Placement                     ,N,2013-10-30,"8iTBgO072v",2013-09-30,Guardian Requesting FC Payment          ,Guardian Non-Relative                   ,S5QLdIXElX,2013-09-30,JueQGmXEUE,5857,Dependency Terminated                   ,S5QLdIXElX,2013-10-01 16:45:16.971,Y,S5QLdIXElX,JuSBZNgJOi
JvAedW534A,KDvJcIL34A,KDvJcIL34A,Kelly Crandell,Permanent Placement                     ,N,2005-02-28,"1xTIFKj34A",2005-02-28,Guardian Requesting FC Payment          ,Guardian Non-Relative                   ,"9kyz6CFClX",2004-10-18,"5nL7pMHDAI",5857,Dependency Terminated                   ,"9kyz6CFClX",2005-01-03 10:28:12.450,Y,"9kyz6CFClX",JvAedW534A
JKG4x1f1sm,RN4RddI2KA,RN4RddI2KA,Brooke Parsons,Permanent Placement                     ,N,2016-02-11,"0Sjs6FPEtY",2016-02-04,Guardian Requesting FC Payment          ,Guardian Non-Relative                   ,J07gR8u9wB,2016-02-04,Kx6R3gKFXz,1362,Jurisdiction Terminated                 ,J07gR8u9wB,2016-02-17 08:43:29.193,Y,J07gR8u9wB,JKG4x1f1sm
JXTo5toMCO,FKLO8xyQ1A,FKLO8xyQ1A,Onyx Reeves,Permanent Placement                     ,N,2023-06-29,"3nnNkNvcvE",,Guardian Requesting FC Payment          ,Guardian Non-Relative                   ,"1UQE2JfdES",2023-06-28,S4UfZSFdES,5857,Dependency Terminated                   ,"1UQE2JfdES",2023-07-05 07:06:02.870,Y,"1UQE2JfdES",JXTo5toMCO
KdNedIjP12,"0ST04Os92U","0ST04Os92U",Laura Cortes,Permanent Placement                     ,N,2019-09-17,RROdT9hP12,2019-05-15,Guardian Requesting FC Payment          ,Guardian Non-Relative                   ,Cka4ssgO65,2019-06-11,"1QwF29PJWN",5857,Dependency Terminated                   ,Cka4ssgO65,2019-06-11 13:43:25.938,Y,Cka4ssgO65,KdNedIjP12
KjRgvFY3EO,D2MtLh28I3,D2MtLh28I3,Jade Hill,Permanent Placement                     ,N,2008-07-31,"91Oe3Kf8k2",2019-09-09,Guardian Requesting FC Payment          ,Guardian Non-Relative                   ,OHcCuqK3El,2008-04-29,"0OFQwcm3El",5857,Dependency Terminated                   ,OHcCuqK3El,2008-04-30 16:55:39.802,Y,OHcCuqK3El,KjRgvFY3EO
Kn9Nhvw8Pi,"7OUXEEt3Qu","7OUXEEt3Qu",Samya Liggett,Permanent Placement                     ,N,2016-03-25,FOG7PMi8Pi,2016-03-04,Guardian Requesting FC Payment          ,Guardian Non-Relative                   ,OVoBAtIIRh,2016-03-04,ITvuTkiIRh,5857,Dependency Terminated                   ,OVoBAtIIRh,2016-06-16 14:59:35.065,Y,OVoBAtIIRh,Kn9Nhvw8Pi
KovnNLnAk3,Q9Pz0gtAk3,Q9Pz0gtAk3,Ganae Jefferson,Permanent Placement                     ,N,2016-04-29,Qjk6xnK5xR,2016-04-29,Guardian Requesting FC Payment          ,Guardian Non-Relative                   ,Nzk49lE8Af,2016-04-29,L6RG7JE8Af,5857,Dependency Terminated                   ,Nzk49lE8Af,2016-04-29 13:33:52.816,Y,Nzk49lE8Af,KovnNLnAk3
KoJBIhjGHa,"9bRiezQ9xL","9bRiezQ9xL",Adriana Revilla Maldonado,Permanent Placement                     ,N,2021-10-28,NGKn4Sd9M6,2021-10-07,Guardian Requesting FC Payment          ,Guardian Non-Relative                   ,"719zrI1K2D",2021-10-07,GQQbjtxEmK,1362,Jurisdiction Terminated                 ,"719zrI1K2D",2021-10-07 14:50:03.116,Y,"719zrI1K2D",KoJBIhjGHa
Kt31k1Z13F,O5zHX4z13F,O5zHX4z13F,Tanya Munger,Permanent Placement                     ,N,2001-03-14,NWBCFL397a,2005-02-12,Guardian Requesting FC Payment          ,Guardian Non-Relative                   ,"3OC52zy1zx",1999-01-19,LuE9fzX1zx,1362,Jurisdiction Terminated                 ,"3OC52zy1zx",1999-01-19 13:32:27.334,Y,"3OC52zy1zx",Kt31k1Z13F
LhXbSkF3RJ,IleM4WhAQn,IleM4WhAQn,Zoey Ramos,Permanent Placement                     ,N,2019-02-12,FbTbjGF72Y,2018-12-21,Guardian Requesting FC Payment          ,Guardian Non-Relative                   ,CiYaZYl6ma,2018-12-21,EMoiyrn6ma,5857,Dependency Terminated                   ,CiYaZYl6ma,2019-01-02 08:18:16.696,Y,CiYaZYl6ma,LhXbSkF3RJ
LjJ9kTf78h,Gmrmtyu4co,Gmrmtyu4co,Christopher Meza,Permanent Placement                     ,N,2021-01-08,"6WBWIvf7US",2021-01-08,Guardian Requesting FC Payment          ,Guardian Non-Relative                   ,B3bwFgnLP6,2021-01-08,RdiUoX3JI7,5857,Dependency Terminated                   ,B3bwFgnLP6,2021-01-11 16:44:07.894,Y,B3bwFgnLP6,LjJ9kTf78h
LjJ9kTf78h,Gmrmtyu4co,Gmrmtyu4co,Christopher Meza,Permanent Placement                     ,N,2021-01-08,"6WBWIvf7US",2021-01-08,Guardian Requesting FC Payment          ,Guardian Non-Relative                   ,B3bwFgnLP6,2021-01-08,RKxppknJI7,1362,Jurisdiction Terminated                 ,B3bwFgnLP6,2021-01-11 16:44:07.894,Y,B3bwFgnLP6,LjJ9kTf78h
LBNtKdE6Qi,R6xXe0S4nn,R6xXe0S4nn,Jacob Bertolina,Permanent Placement                     ,N,2012-07-25,"3Xhw5O68yf",2012-08-22,Guardian Requesting FC Payment          ,Guardian Non-Relative                   ,TDNz8LIq1z,2012-07-25,BLcYOEy7Bt,5857,Dependency Terminated                   ,TDNz8LIq1z,2012-08-07 08:27:54.442,Y,TDNz8LIq1z,LBNtKdE6Qi
LKDwd4SBEJ,TrJMdB4AF8,TrJMdB4AF8,Malachi Isaac,Permanent Placement                     ,N,,"5f9dKdsFw5",,Guardian Requesting FC Payment          ,Guardian Non-Relative                   ,EvY5cZGO5K,2022-06-01,SJnKfRydNU,5857,Dependency Terminated                   ,EvY5cZGO5K,2022-06-06 10:24:27.317,Y,EvY5cZGO5K,LKDwd4SBEJ
LXSn4KX37S,BKEKeHZ37S,BKEKeHZ37S,Brittany Beals,Permanent Placement                     ,N,2008-10-30,"0nKM0av37S",2008-10-20,Guardian Requesting FC Payment          ,Guardian Non-Relative                   ,KJilwyK2JC,2008-10-20,OQBrHci9v7,5857,Dependency Terminated                   ,KJilwyK2JC,2008-10-23 10:46:54.313,Y,KJilwyK2JC,LXSn4KX37S
L38ZX6c2vl,OLJrzEX54S,OLJrzEX54S,Cheryl Barber,Permanent Placement                     ,N,2004-10-07,Rx4rquG2vI,2004-09-23,Guardian Requesting FC Payment          ,Guardian Non-Relative                   ,EhJbwxECqo,2004-09-23,JgJLgBECy1,1362,Jurisdiction Terminated                 ,EhJbwxECqo,2004-09-23 10:48:16.759,Y,EhJbwxECqo,L38ZX6c2vl
L38ZX6c2vl,OLJrzEX54S,OLJrzEX54S,Cheryl Barber,Permanent Placement                     ,N,2004-10-07,Rx4rquG2vI,2004-09-23,Guardian Requesting FC Payment          ,Guardian Non-Relative                   ,EhJbwxECqo,2004-09-23,Jz40exUCy1,5857,Dependency Terminated                   ,EhJbwxECqo,2004-09-23 10:48:16.759,Y,EhJbwxECqo,L38ZX6c2vl
L89hzCVCmC,FslP0kZGnc,FslP0kZGnc,Luis Ordaz Ureno,Permanent Placement                     ,N,,JexcOzDI5Y,,Guardian Requesting FC Payment          ,Guardian Non-Relative                   ,"4BEOcTTISQ",2023-08-24,"1bIqM8JFYA",5857,Dependency Terminated                   ,"4BEOcTTISQ",2023-08-25 14:45:42.074,Y,"4BEOcTTISQ",L89hzCVCmC
MpgVNx3Eex,EHCirmp7ZX,EHCirmp7ZX,Lisa Kelley,Permanent Placement                     ,N,2021-05-03,HC22OY6BoD,2021-04-08,Guardian Requesting FC Payment          ,Guardian Non-Relative                   ,KvWaZsOaEC,2021-04-08,MtrPE4XaEC,1362,Jurisdiction Terminated                 ,KvWaZsOaEC,2021-04-12 16:51:59.929,Y,KvWaZsOaEC,MpgVNx3Eex
MpgVNx3Eex,EHCirmp7ZX,EHCirmp7ZX,Lisa Kelley,Permanent Placement                     ,N,2021-05-03,HC22OY6BoD,2021-04-08,Guardian Requesting FC Payment          ,Guardian Non-Relative                   ,KvWaZsOaEC,2021-04-08,NCc4CqnaEC,5857,Dependency Terminated                   ,KvWaZsOaEC,2021-04-12 16:51:59.929,Y,KvWaZsOaEC,MpgVNx3Eex
MJfGMSQ9eD,MIydj3l3sQ,MIydj3l3sQ,Lilly Mullins,Permanent Placement                     ,N,2011-04-19,TugrHSfASa,2011-02-16,Guardian Requesting FC Payment          ,Guardian Non-Relative                   ,"4xIblfjDr4",2011-02-16,KWdGmNjCR8,5857,Dependency Terminated                   ,"4xIblfjDr4",2011-02-17 16:40:40.638,Y,"4xIblfjDr4",MJfGMSQ9eD
MXhFoXD3RJ,PXBFXVD72Y,PXBFXVD72Y,Francisco Ramos,Permanent Placement                     ,N,2019-02-12,"8EQJH3b72Y",2018-12-21,Guardian Requesting FC Payment          ,Guardian Non-Relative                   ,CiYaZYl6ma,2018-12-21,F0xXtLT6ma,5857,Dependency Terminated                   ,CiYaZYl6ma,2019-01-02 08:18:16.696,Y,CiYaZYl6ma,MXhFoXD3RJ
M3RDqoD194,PzDoavZ194,PzDoavZ194,Lauren Wolf,Permanent Placement                     ,N,2006-09-21,HNzXp5t194,2006-08-31,Guardian Requesting FC Payment          ,Guardian Non-Relative                   ,NOh8hV61BS,2000-06-16,"8YsaeaC68L",1362,Jurisdiction Terminated                 ,NOh8hV61BS,2000-06-28 17:46:00.283,Y,NOh8hV61BS,M3RDqoD194
NmmjhYl3hv,Tts1i00ALE,Tts1i00ALE,Vienna Cornejo,Permanent Placement                     ,N,2013-08-29,J1VuSbv72v,2013-07-23,Guardian Requesting FC Payment          ,Guardian Non-Relative                   ,"9UWWPIn6wf",2013-07-23,TL4VBp3Dcf,5857,Dependency Terminated                   ,"9UWWPIn6wf",2013-07-24 14:19:27.029,Y,"9UWWPIn6wf",NmmjhYl3hv
NAwQadG192,RpSJ7BK196,RpSJ7BK196,Kylen Bruner,Permanent Placement                     ,N,2009-11-24,"4I1Za0Q192",2009-09-27,Guardian Requesting FC Payment          ,Guardian Non-Relative                   ,DDLFHZrFWl,2007-08-08,AbifFWNFWl,1362,Jurisdiction Terminated                 ,DDLFHZrFWl,2007-08-10 10:42:24.204,Y,DDLFHZrFWl,NAwQadG192
NOkoIvx33A,ROkIN3x33A,ROkIN3x33A,Cristine Battin,Permanent Placement                     ,N,2006-10-31,"3guAnSb3tH",2006-09-29,Guardian Requesting FC Payment          ,Guardian Non-Relative                   ,PjUW9mcBJJ,2006-09-29,"9Q3C7paBJJ",5857,Dependency Terminated                   ,PjUW9mcBJJ,2006-09-29 10:25:12.328,Y,PjUW9mcBJJ,NOkoIvx33A
OeVekGP15A,"0EW19Or15A","0EW19Or15A",Michael Etchison,Permanent Placement                     ,N,2007-05-31,P1et2h715A,2007-05-31,Guardian Requesting FC Payment          ,Guardian Non-Relative                   ,LuL0wezA1v,2001-12-21,MlSCbFm3SI,5857,Dependency Terminated                   ,LuL0wezA1v,2002-01-24 10:06:13.686,Y,LuL0wezA1v,OeVekGP15A
OyVJO0f37S,"3C52b1F37S","3C52b1F37S",Mary Ann Navarro,Permanent Placement                     ,N,2004-08-13,Tk9ySmY6E8,2004-05-19,Guardian Requesting FC Payment          ,Guardian Non-Relative                   ,DTqIVq37y1,2004-05-19,"0GuOorA2Mq",1362,Jurisdiction Terminated                 ,DTqIVq37y1,2004-05-28 14:43:52.891,Y,DTqIVq37y1,OyVJO0f37S
OFPT4hV39F,Ag9Eigb39F,Ag9Eigb39F,Anastacio Sesate,Permanent Placement                     ,N,2010-06-23,"8qiE22D39F",2010-06-23,Guardian Requesting FC Payment          ,Guardian Non-Relative                   ,CorDSggD8J,2010-06-23,SCY1hLKD8J,1362,Jurisdiction Terminated                 ,CorDSggD8J,2010-06-29 13:38:53.505,Y,CorDSggD8J,OFPT4hV39F
OFPT4hV39F,Ag9Eigb39F,Ag9Eigb39F,Anastacio Sesate,Permanent Placement                     ,N,2010-06-23,"8qiE22D39F",2010-06-23,Guardian Requesting FC Payment          ,Guardian Non-Relative                   ,CorDSggD8J,2010-06-23,Tkvx5PK2cO,5857,Dependency Terminated                   ,CorDSggD8J,2010-06-29 13:38:53.505,Y,CorDSggD8J,OFPT4hV39F
OFPT4hV39F,Ag9Eigb39F,Ag9Eigb39F,Anastacio Sesate,Permanent Placement                     ,N,2010-06-23,"8qiE22D39F",2010-06-23,Guardian Requesting FC Payment          ,Guardian Non-Relative                   ,"94xUjoU2cO",2010-06-23,"2V5cPss2cO",5857,Dependency Terminated                   ,"94xUjoU2cO",2010-07-01 12:22:28.316,Y,"94xUjoU2cO",OFPT4hV39F
OME4Z3V5iW,"2OUNIUj30A","2OUNIUj30A",Christian Bartolome,Permanent Placement                     ,N,2005-08-15,J9vwh5Z4Ez,2005-08-15,Guardian Requesting FC Payment          ,Guardian Non-Relative                   ,"4bmUd5dDcf",2005-08-15,"4ofp3NJDcf",5857,Dependency Terminated                   ,"4bmUd5dDcf",2005-08-16 13:24:43.799,Y,"4bmUd5dDcf",OME4Z3V5iW
OQIxji60VR,LhT5Rxa199,LhT5Rxa199,Kayla Kirkland,Permanent Placement                     ,N,2011-06-20,"1ApuYA7EV3",2011-01-21,Guardian Requesting FC Payment          ,Guardian Non-Relative                   ,"6t0TzaAARN",2011-04-19,RIlHyIxARN,1362,Jurisdiction Terminated                 ,"6t0TzaAARN",2011-04-28 14:10:34.725,Y,"6t0TzaAARN",OQIxji60VR
OTlFC1U4DP,TJoBuK101S,TJoBuK101S,Latasha Smith,Permanent Placement                     ,N,2008-10-28,"6knoUuW4DP",2008-10-28,Guardian Requesting FC Payment          ,Guardian Non-Relative                   ,FCuyhn2DTC,2008-10-28,FaxbJHwCU0,1362,Jurisdiction Terminated                 ,FCuyhn2DTC,2008-11-21 21:10:14.294,Y,FCuyhn2DTC,OTlFC1U4DP
OTlFC1U4DP,TJoBuK101S,TJoBuK101S,Latasha Smith,Permanent Placement                     ,N,2008-10-28,"6knoUuW4DP",2008-10-28,Guardian Requesting FC Payment          ,Guardian Non-Relative                   ,FCuyhn2DTC,2008-10-28,H6iuDBECU0,5857,Dependency Terminated                   ,FCuyhn2DTC,2008-11-21 21:10:14.294,Y,FCuyhn2DTC,OTlFC1U4DP
OT5bQED33A,QhLwGET33A,QhLwGET33A,Shalonte Morgan,Permanent Placement                     ,N,2005-08-05,HMPanqQ9Ag,2005-06-21,Guardian Requesting FC Payment          ,Guardian Non-Relative                   ,E5ccd753sV,1999-07-23,"5pu8lEZ3pi",1362,Jurisdiction Terminated                 ,E5ccd753sV,1999-08-18 16:13:59.988,Y,E5ccd753sV,OT5bQED33A
OWa6eFM4Bl,IgouwvD3K2,IgouwvD3K2,Danielle Lankford,Permanent Placement                     ,N,2016-08-18,"4zO4IUa4DP",2016-08-18,Guardian Requesting FC Payment          ,Guardian Non-Relative                   ,"9pR8XZXC0V",2011-06-14,APz8K91Apl,5857,Dependency Terminated                   ,"9pR8XZXC0V",2011-06-15 08:43:06.808,Y,"9pR8XZXC0V",OWa6eFM4Bl
O56zRLC2UY,TtNQbJt5ap,TtNQbJt5ap,Brenda Luu,Permanent Placement                     ,N,2010-01-07,"2NT2L757sZ",2007-08-31,Guardian Requesting FC Payment          ,Guardian Non-Relative                   ,JuOV8zz2JC,2007-06-25,NiQpYuB9v7,5857,Dependency Terminated                   ,JuOV8zz2JC,2007-06-29 14:21:23.066,Y,JuOV8zz2JC,O56zRLC2UY
PszmmvHEoR,KcDpr8e9GW,KcDpr8e9GW,Joseph Ehmann,Permanent Placement                     ,N,2019-07-10,BOHVSXfFGt,2018-09-01,Guardian Requesting FC Payment          ,Guardian Non-Relative                   ,DBYqLqhB96,2019-07-10,Nrf2V5bH6i,1362,Jurisdiction Terminated                 ,DBYqLqhB96,2019-07-18 10:59:33.261,Y,DBYqLqhB96,PszmmvHEoR
PszmmvHEoR,KcDpr8e9GW,KcDpr8e9GW,Joseph Ehmann,Permanent Placement                     ,N,2019-07-10,BOHVSXfFGt,2018-09-01,Guardian Requesting FC Payment          ,Guardian Non-Relative                   ,DBYqLqhB96,2019-07-10,OAPhTrrH6i,5857,Dependency Terminated                   ,DBYqLqhB96,2019-07-18 10:59:33.261,Y,DBYqLqhB96,PszmmvHEoR
PDViwwz34A,LOrDA4lNVr,LOrDA4lNVr,Kaeleen Castillo,Permanent Placement                     ,N,2003-05-01,"9U1auXJ34A",2003-04-07,Guardian Requesting FC Payment          ,Guardian Non-Relative                   ,CiO5OsRBLc,2003-04-07,"6QOghcNBLc",5857,Dependency Terminated                   ,CiO5OsRBLc,2003-04-23 11:48:21.424,Y,CiO5OsRBLc,PDViwwz34A
P6rgYxG3QE,"3PrHu0P15A","3PrHu0P15A",Marcos Renteria,Permanent Placement                     ,N,2009-12-31,U8Hc2jK3TM,2009-12-31,Guardian Requesting FC Payment          ,Guardian Non-Relative                   ,OaEfBPNCyM,2005-11-16,KcXNEVO3Sd,5857,Dependency Terminated                   ,OaEfBPNCyM,2006-01-03 09:30:41.665,Y,OaEfBPNCyM,P6rgYxG3QE
Qac4dZH2KJ,"96FF6km2OJ","96FF6km2OJ",Richard Nelson,Permanent Placement                     ,N,2016-08-01,"3S1fwpT7o9",2016-07-07,Guardian Requesting FC Payment          ,Guardian Non-Relative                   ,HMQSm5v771,2011-01-20,FB4tRbb771,1362,Jurisdiction Terminated                 ,HMQSm5v771,2011-01-25 11:49:15.253,Y,HMQSm5v771,Qac4dZH2KJ
QO7zY7W191,OZc1fRy191,OZc1fRy191,Shannon Federle,Permanent Placement                     ,N,2010-11-28,OEGWC3u191,2010-11-28,Guardian Requesting FC Payment          ,Guardian Non-Relative                   ,"4s1pWLM6id",2000-09-07,RS425G065r,1362,Jurisdiction Terminated                 ,"4s1pWLM6id",2000-09-25 10:01:49.555,Y,"4s1pWLM6id",QO7zY7W191
QO7zY7W191,OZc1fRy191,OZc1fRy191,Shannon Federle,Permanent Placement                     ,N,2010-11-28,OEGWC3u191,2010-11-28,Guardian Requesting FC Payment          ,Guardian Non-Relative                   ,"4s1pWLM6id",2000-09-07,"09cC06O1A2",5857,Dependency Terminated                   ,"4s1pWLM6id",2000-09-25 10:01:49.555,Y,"4s1pWLM6id",QO7zY7W191
ReUjoE4C9u,UBIzjcj94v,UBIzjcj94v,Terra Dilks,Permanent Placement                     ,N,2005-08-08,NRC8KXwC9u,2005-07-27,Guardian Requesting FC Payment          ,Guardian Non-Relative                   ,U3wDCK92tg,2005-07-27,Akhb5w1Ar5,5857,Dependency Terminated                   ,U3wDCK92tg,2005-07-28 11:23:01.361,Y,U3wDCK92tg,ReUjoE4C9u
ReUjoE4C9u,UBIzjcj94v,UBIzjcj94v,Terra Dilks,Permanent Placement                     ,N,2005-08-08,NRC8KXwC9u,2005-07-27,Guardian Requesting FC Payment          ,Guardian Non-Relative                   ,U3wDCK92tg,2005-07-27,"9XgxAozAr5",1362,Jurisdiction Terminated                 ,U3wDCK92tg,2005-07-28 11:23:01.361,Y,U3wDCK92tg,ReUjoE4C9u
Rylrl4b194,NkowgpF194,NkowgpF194,Cherie Antonette Contreras,Permanent Placement                     ,N,2004-06-15,"9GEMZgv194",2004-06-15,Guardian Requesting FC Payment          ,Guardian Non-Relative                   ,GKmqxyG1Af,2000-10-16,"5pzsQSr1A2",1362,Jurisdiction Terminated                 ,GKmqxyG1Af,2001-01-09 23:38:38.258,Y,GKmqxyG1Af,Rylrl4b194
RHtHxnP84x,Kt0RBOT54S,Kt0RBOT54S,Quinisha Reedom,Permanent Placement                     ,N,2008-07-11,KWccRz984x,2008-07-09,Guardian Requesting FC Payment          ,Guardian Non-Relative                   ,IhWgEcmCYo,2008-07-09,FvUYuPEFrk,5857,Dependency Terminated                   ,IhWgEcmCYo,2008-07-10 08:18:45.664,Y,IhWgEcmCYo,RHtHxnP84x
RHtHxnP84x,Kt0RBOT54S,Kt0RBOT54S,Quinisha Reedom,Permanent Placement                     ,N,2008-07-11,KWccRz984x,2008-07-09,Guardian Requesting FC Payment          ,Guardian Non-Relative                   ,IhWgEcmCYo,2008-07-09,F1EZy4SFrk,1362,Jurisdiction Terminated                 ,IhWgEcmCYo,2008-07-10 08:18:45.664,Y,IhWgEcmCYo,RHtHxnP84x
RIZMAka3hv,MuAzltZ3ax,MuAzltZ3ax,Mariyah Parker,Permanent Placement                     ,N,2017-11-15,FIZWzFg5n9,2017-11-15,Guardian Requesting FC Payment          ,Guardian Non-Relative                   ,"6qBu8UXEUE",2017-11-15,Q6q9ifVEGw,5857,Dependency Terminated                   ,"6qBu8UXEUE",2017-11-21 10:06:16.116,Y,"6qBu8UXEUE",RIZMAka3hv
RLzy01N5iW,"1PPmLK530A","1PPmLK530A",Gerwayne Bartolome,Permanent Placement                     ,N,2005-08-15,TUSeV3l4Ez,2005-08-15,Guardian Requesting FC Payment          ,Guardian Non-Relative                   ,"4bmUd5dDcf",2005-08-15,"92KZnIXDcf",5857,Dependency Terminated                   ,"4bmUd5dDcf",2005-08-16 13:24:43.799,Y,"4bmUd5dDcf",RLzy01N5iW
R3A99Mn194,RLuo893194,RLuo893194,Jasmen Ruano,Permanent Placement                     ,N,2010-06-30,"1T8nKlN194",2010-06-30,Guardian Requesting FC Payment          ,Guardian Non-Relative                   ,St0SXNG1AK,2002-08-23,D1h9TYk5wZ,5857,Dependency Terminated                   ,St0SXNG1AK,2002-09-20 14:40:41.977,Y,St0SXNG1AK,R3A99Mn194
R3A99Mn194,RLuo893194,RLuo893194,Jasmen Ruano,Permanent Placement                     ,N,2010-06-30,"1T8nKlN194",2010-06-30,Guardian Requesting FC Payment          ,Guardian Non-Relative                   ,St0SXNG1AK,2002-08-23,"4FtMq7C1A2",1362,Jurisdiction Terminated                 ,St0SXNG1AK,2002-09-20 14:40:41.977,Y,St0SXNG1AK,R3A99Mn194
R3A99Mn194,RLuo893194,RLuo893194,Jasmen Ruano,Permanent Placement                     ,N,2010-06-30,"1T8nKlN194",2010-06-30,Guardian Requesting FC Payment          ,Guardian Non-Relative                   ,"5pPj7Li1AK",2002-08-23,AEXWKYI1A2,1362,Jurisdiction Terminated                 ,"5pPj7Li1AK",2010-07-20 10:49:36.952,Y,"5pPj7Li1AK",R3A99Mn194
Stuevg2AWZ,PvmOLiP0b0,PvmOLiP0b0,Zhania Bolden,Permanent Placement                     ,N,2017-03-14,IN8uVpzE6N,,Guardian Requesting FC Payment          ,Guardian Non-Relative                   ,K103Z4f6XU,2017-01-18,J1RzqoX6XU,1362,Jurisdiction Terminated                 ,K103Z4f6XU,2017-01-18 14:20:03.681,Y,K103Z4f6XU,Stuevg2AWZ
SB1Bq19J28,Cl9r4kg2k5,Cl9r4kg2k5,Fernando Penaflor,Permanent Placement                     ,N,2018-02-07,JE8plv4FfA,2023-07-10,Guardian Requesting FC Payment          ,Guardian Non-Relative                   ,Lss9lH3PH9,2018-02-07,NbRg0OcPH9,5857,Dependency Terminated                   ,Lss9lH3PH9,2018-02-16 15:41:51.297,Y,Lss9lH3PH9,SB1Bq19J28
SB1Bq19J28,Cl9r4kg2k5,Cl9r4kg2k5,Fernando Penaflor,Permanent Placement                     ,N,2018-02-07,JE8plv4FfA,2023-07-10,Guardian Requesting FC Payment          ,Guardian Non-Relative                   ,Lss9lH3PH9,2018-02-07,"5YS3vj4PH9",1362,Jurisdiction Terminated                 ,Lss9lH3PH9,2018-02-16 15:41:51.297,Y,Lss9lH3PH9,SB1Bq19J28
SWvCYVe3G7,SWd2EBW3G7,SWd2EBW3G7,Joshua Parker,Permanent Placement                     ,N,2010-10-21,"9t5ii9q3Is",2010-09-13,Guardian Requesting FC Payment          ,Guardian Non-Relative                   ,UAa4xPK8SQ,2010-09-13,Ldz2FbS8SQ,5857,Dependency Terminated                   ,UAa4xPK8SQ,2010-09-16 13:56:24.857,Y,UAa4xPK8SQ,SWvCYVe3G7
TqV8KiB71y,QeX43GNDQD,QeX43GNDQD,Aaliyah Hernandez,Permanent Placement                     ,N,2017-04-12,R8r29op3Yu,2017-04-12,Guardian Requesting FC Payment          ,Guardian Non-Relative                   ,"6PqNUs0EUE",2017-04-12,"7qK64bVDcf",5857,Dependency Terminated                   ,"6PqNUs0EUE",2017-04-19 13:52:49.768,Y,"6PqNUs0EUE",TqV8KiB71y
TYGqvH53Lv,PETCtAg03J,PETCtAg03J,Malcolm Victor Mejia,Permanent Placement                     ,N,2006-06-29,FVjedglBHM,2006-06-23,Guardian Requesting FC Payment          ,Guardian Non-Relative                   ,TycQi5q9Em,2000-05-18,FWysYCg9Em,5857,Dependency Terminated                   ,TycQi5q9Em,2006-06-19 16:01:34.196,Y,TycQi5q9Em,TYGqvH53Lv
"0fNq0yg191","03sW3QA191","03sW3QA191",Donald Gadd,Permanent Placement                     ,N,2006-12-06,"6XPd3NC191",2006-07-18,Guardian Requesting FC Payment          ,Guardian Non-Relative                   ,AQt4xvW71B,2006-04-13,FbR1PoYByq,1362,Jurisdiction Terminated                 ,AQt4xvW71B,2006-12-06 11:41:31.977,Y,AQt4xvW71B,"0fNq0yg191"
"0fNq0yg191","03sW3QA191","03sW3QA191",Donald Gadd,Permanent Placement                     ,N,2006-12-06,"6XPd3NC191",2006-07-18,Guardian Requesting FC Payment          ,Guardian Non-Relative                   ,P7IbsTm2EP,2006-04-13,AyUYWba6Mz,1362,Jurisdiction Terminated                 ,P7IbsTm2EP,2006-12-06 11:36:34.311,Y,P7IbsTm2EP,"0fNq0yg191"
"0q0Momn4xA","0EV2rEH4xA","0EV2rEH4xA",Makerita Sosene,Permanent Placement                     ,N,2010-02-24,U0WBN7q4xA,2010-02-24,Guardian Requesting FC Payment          ,Guardian Non-Relative                   ,C1H7q3iCU0,2010-02-24,PRielYMCU0,5857,Dependency Terminated                   ,C1H7q3iCU0,2010-03-05 17:34:55.033,Y,C1H7q3iCU0,"0q0Momn4xA"
"0vyVCIr4xA","4lKhVrKDTC","4lKhVrKDTC",Eseta Sosene,Permanent Placement                     ,N,2009-10-06,JIEqcKw4xA,2009-10-06,Guardian Requesting FC Payment          ,Guardian Non-Relative                   ,"86DcjBlDvi",2009-10-06,"5BMKeg1CU0",1362,Jurisdiction Terminated                 ,"86DcjBlDvi",2009-11-12 14:49:00.887,Y,"86DcjBlDvi","0vyVCIr4xA"
"0vyVCIr4xA","4lKhVrKDTC","4lKhVrKDTC",Eseta Sosene,Permanent Placement                     ,N,2009-10-06,JIEqcKw4xA,2009-10-06,Guardian Requesting FC Payment          ,Guardian Non-Relative                   ,"86DcjBlDvi",2009-10-06,"7eoktXZDvi",5857,Dependency Terminated                   ,"86DcjBlDvi",2009-11-12 14:49:00.887,Y,"86DcjBlDvi","0vyVCIr4xA"
"0CP9ApO4ez",N0r7MDC4fa,N0r7MDC4fa,Calob Holder,Permanent Placement                     ,N,2007-09-11,I06JA85AW1,2007-08-31,Guardian Requesting FC Payment          ,Guardian Non-Relative                   ,FcZxzo2DlH,2006-04-19,"02V4qbKDlH",5857,Dependency Terminated                   ,FcZxzo2DlH,2006-04-21 10:35:49.892,Y,FcZxzo2DlH,"0CP9ApO4ez"
"0Egy7Q73i4","71bb3VOCJ8","71bb3VOCJ8",Isaac Lee,Permanent Placement                     ,N,2016-07-11,"8zw872SKKu",2016-07-11,Guardian Requesting FC Payment          ,Guardian Non-Relative                   ,BvPkGxgLDH,2016-07-11,"8I5udQyEGw",5857,Dependency Terminated                   ,BvPkGxgLDH,2016-07-19 09:37:28.911,Y,BvPkGxgLDH,"0Egy7Q73i4"
"0EWXIeo10S","2g8Uzdh34A","2g8Uzdh34A",Sade Sholes,Permanent Placement                     ,N,2005-11-01,RXWJztK10S,2005-11-01,Guardian Requesting FC Payment          ,Guardian Non-Relative                   ,BMmfEpV8xO,2005-10-19,ODVKxNx8xO,5857,Dependency Terminated                   ,BMmfEpV8xO,2005-10-20 14:30:36.054,Y,BMmfEpV8xO,"0EWXIeo10S"
"0P9wqGH39F","8Ctpfl339F","8Ctpfl339F",Kenneth Day,Permanent Placement                     ,N,1999-06-28,SfK6YzZ39F,2000-09-01,Guardian Requesting FC Payment          ,Guardian Non-Relative                   ,"6hFGSQM2bu",1997-11-20,BWzxPgQ2bu,1362,Jurisdiction Terminated                 ,"6hFGSQM2bu",1998-12-17 11:19:25.285,Y,"6hFGSQM2bu","0P9wqGH39F"
"04WJqqS3XW",DWXB2l93c0,DWXB2l93c0,Amber Cantu,Permanent Placement                     ,N,2014-07-23,"9UJil1Y72v",2014-06-23,Guardian Requesting FC Payment          ,Guardian Non-Relative                   ,By1XykMLDH,2014-06-23,"7QSrY5SDcf",5857,Dependency Terminated                   ,By1XykMLDH,2014-06-25 09:39:31.232,Y,By1XykMLDH,"04WJqqS3XW"
"07fJwMR3cu",O6AL1wT3ar,O6AL1wT3ar,Laura Pina,Permanent Placement                     ,N,2014-01-24,U8RHXY7JPd,2013-10-01,Guardian Requesting FC Payment          ,Guardian Non-Relative                   ,"8TnChubDcf",2013-10-01,KhkyUQDEUE,5857,Dependency Terminated                   ,"8TnChubDcf",2013-10-02 11:30:33.261,Y,"8TnChubDcf","07fJwMR3cu"
"1gLgXf5GiK",By1GNoiKOt,By1GNoiKOt,Alaiya Whitehair,Permanent Placement                     ,N,2019-10-24,KWhW82hOCB,2019-10-10,Guardian Requesting FC Payment          ,Guardian Non-Relative                   ,KtnW4Tn771,2019-10-10,BYzkbCR771,1362,Jurisdiction Terminated                 ,KtnW4Tn771,2019-10-10 15:00:19.973,Y,KtnW4Tn771,"1gLgXf5GiK"
"1ry4xwn3Gw",H8URTyT07S,H8URTyT07S,Angelina Holmberg,Permanent Placement                     ,N,2013-07-19,OjuB5uz3Is,2013-07-16,Guardian Requesting FC Payment          ,Guardian Non-Relative                   ,"1mHIqn36yY",2013-07-16,QMbWztR6yY,5857,Dependency Terminated                   ,"1mHIqn36yY",2013-07-19 17:44:50.153,Y,"1mHIqn36yY","1ry4xwn3Gw"
"1tsmb6Y3p3","1fslnlp37S","1fslnlp37S",Marissa Levesque,Permanent Placement                     ,N,2009-08-25,PeZh6wkCqr,2009-07-23,Guardian Requesting FC Payment          ,Guardian Non-Relative                   ,Hz5qqLtB6K,2009-07-23,OoAzQAXB6K,5857,Dependency Terminated                   ,Hz5qqLtB6K,2009-07-23 13:43:03.034,Y,Hz5qqLtB6K,"1tsmb6Y3p3"
"1y4kqbF2cg",QwsihIT9Eo,QwsihIT9Eo,Javon Perkins,Permanent Placement                     ,N,2015-01-29,A5Eirwf2cc,2015-01-29,Guardian Requesting FC Payment          ,Guardian Non-Relative                   ,U2YGhG6KIN,2015-01-29,RlXJXAhB96,5857,Dependency Terminated                   ,U2YGhG6KIN,2015-02-02 16:27:02.078,Y,U2YGhG6KIN,"1y4kqbF2cg"
"1y4kqbF2cg",QwsihIT9Eo,QwsihIT9Eo,Javon Perkins,Permanent Placement                     ,N,2015-01-29,A5Eirwf2cc,2015-01-29,Guardian Requesting FC Payment          ,Guardian Non-Relative                   ,U2YGhG6KIN,2015-01-29,RA1zZcBB96,1362,Jurisdiction Terminated                 ,U2YGhG6KIN,2015-02-02 16:27:02.078,Y,U2YGhG6KIN,"1y4kqbF2cg"
"2dVc1TDBzQ","6y33Do3Ae8","6y33Do3Ae8",Veronica Gonzalez,Permanent Placement                     ,N,,"3znvj5cPnC",,Guardian Requesting FC Payment          ,Guardian Non-Relative                   ,P3nV06BLCi,2020-02-21,"5AaszCCJI7",1362,Jurisdiction Terminated                 ,P3nV06BLCi,2020-02-27 10:11:42.924,Y,P3nV06BLCi,"2dVc1TDBzQ"
"2dVc1TDBzQ","6y33Do3Ae8","6y33Do3Ae8",Veronica Gonzalez,Permanent Placement                     ,N,,"3znvj5cPnC",,Guardian Requesting FC Payment          ,Guardian Non-Relative                   ,P3nV06BLCi,2020-02-21,"5TLXxySJI7",5857,Dependency Terminated                   ,P3nV06BLCi,2020-02-27 10:11:42.924,Y,P3nV06BLCi,"2dVc1TDBzQ"
"2gAZyRZ2Mu","1uhZnaI7tb","1uhZnaI7tb",Sheilea Evans,Permanent Placement                     ,N,2004-07-30,"2q2mnzx7o9",2004-01-06,Guardian Requesting FC Payment          ,Guardian Non-Relative                   ,JHzm61XBy9,2004-01-06,T3R77OaA5W,1362,Jurisdiction Terminated                 ,JHzm61XBy9,2004-01-06 16:01:30.709,Y,JHzm61XBy9,"2gAZyRZ2Mu"
"2AFYgde1AT",HqSpIsU5RC,HqSpIsU5RC,Jordan Steward,Permanent Placement                     ,N,2018-01-08,"0NlqSAM1A7",2017-07-27,Guardian Requesting FC Payment          ,Guardian Non-Relative                   ,"73y0S3h1Ia",2017-07-27,E1CRV6zAqB,1362,Jurisdiction Terminated                 ,"73y0S3h1Ia",2017-12-01 16:33:41.838,Y,"73y0S3h1Ia","2AFYgde1AT"
"2EBdn1m0VR",DqIoURG1mN,DqIoURG1mN,Antoine Joseph,Permanent Placement                     ,N,2013-10-29,"47f3kTL0X8",2013-08-15,Guardian Requesting FC Payment          ,Guardian Non-Relative                   ,LfKT2f3EZs,2013-08-14,"4ZPzdR3Khf",1362,Jurisdiction Terminated                 ,LfKT2f3EZs,2013-08-29 09:18:50.789,Y,LfKT2f3EZs,"2EBdn1m0VR"
"2GTpfGe3QI",Gg1xyte3QU,Gg1xyte3QU,Mary Navarette,Permanent Placement                     ,N,2006-01-06,BLQe8Rw8i5,2005-10-14,Guardian Requesting FC Payment          ,Guardian Non-Relative                   ,KuVVfz7Dzm,2005-10-14,"5TJqpUf5vb",5857,Dependency Terminated                   ,KuVVfz7Dzm,2005-11-21 10:50:37.608,Y,KuVVfz7Dzm,"2GTpfGe3QI"
"2JvV1JC5GR",Lp53mtt194,Lp53mtt194,Angelina Smith,Permanent Placement                     ,N,2010-02-26,AeDrQkk5GR,2010-01-31,Guardian Requesting FC Payment          ,Guardian Non-Relative                   ,QhxMQ7j1A2,2003-04-17,"1e9TgBj1A2",1362,Jurisdiction Terminated                 ,QhxMQ7j1A2,2003-04-17 17:47:42.569,Y,QhxMQ7j1A2,"2JvV1JC5GR"
"2JvV1JC5GR",Lp53mtt194,Lp53mtt194,Angelina Smith,Permanent Placement                     ,N,2010-02-26,AeDrQkk5GR,2010-01-31,Guardian Requesting FC Payment          ,Guardian Non-Relative                   ,QhxMQ7j1A2,2003-04-17,"4yQkSkZ1A2",5857,Dependency Terminated                   ,QhxMQ7j1A2,2003-04-17 17:47:42.569,Y,QhxMQ7j1A2,"2JvV1JC5GR"
"4bFIKt87Ld",INC1WAi2AW,INC1WAi2AW,Cachet Brown,Permanent Placement                     ,N,2009-10-22,"6vxYAHZ1Wf",2009-10-09,Guardian Requesting FC Payment          ,Guardian Non-Relative                   ,INxiEcGAse,2009-10-08,TH4eXePARN,1362,Jurisdiction Terminated                 ,INxiEcGAse,2009-10-19 09:37:43.111,Y,INxiEcGAse,"4bFIKt87Ld"
"4dPITWE10S","56Y1qWw10S","56Y1qWw10S",Christina Grauth,Permanent Placement                     ,N,2003-01-08,LmIPqjK10S,2002-12-27,Guardian Requesting FC Payment          ,Guardian Non-Relative                   ,LFxxViA8xO,2002-12-27,G8Fh1Nv8xO,5857,Dependency Terminated                   ,LFxxViA8xO,2003-01-02 12:48:15.828,Y,LFxxViA8xO,"4dPITWE10S"
"4m3BPXvCmC",PxWYizg3T3,PxWYizg3T3,Andres Ordaz Ureno,Permanent Placement                     ,N,,"7TbssmxI5Y",,Guardian Requesting FC Payment          ,Guardian Non-Relative                   ,"4BEOcTTISQ",2023-08-24,GLCOoklFYA,5857,Dependency Terminated                   ,"4BEOcTTISQ",2023-08-25 14:45:42.074,Y,"4BEOcTTISQ","4m3BPXvCmC"
"4rQ98u01A2",C1awQRbBGv,C1awQRbBGv,Celia Cabral,Permanent Placement                     ,N,2006-02-28,IDgFFbk1A2,2006-02-28,Guardian Requesting FC Payment          ,Guardian Non-Relative                   ,"1fbyj8q7lu",2004-02-10,"6JD4qNs1A2",1362,Jurisdiction Terminated                 ,"1fbyj8q7lu",2004-03-01 16:23:23.488,Y,"1fbyj8q7lu","4rQ98u01A2"
"4rQ98u01A2",C1awQRbBGv,C1awQRbBGv,Celia Cabral,Permanent Placement                     ,N,2006-02-28,IDgFFbk1A2,2006-02-28,Guardian Requesting FC Payment          ,Guardian Non-Relative                   ,"1fbyj8q7lu",2004-02-10,"9dULcwi1A2",5857,Dependency Terminated                   ,"1fbyj8q7lu",2004-03-01 16:23:23.488,Y,"1fbyj8q7lu","4rQ98u01A2"
"4vSEUeR1sm",AEKGe5I2KA,AEKGe5I2KA,Brad Parsons,Permanent Placement                     ,N,2016-02-11,Gbtw75XEtY,2016-02-04,Guardian Requesting FC Payment          ,Guardian Non-Relative                   ,J07gR8u9wB,2016-02-04,"4NVxnxkFXz",1362,Jurisdiction Terminated                 ,J07gR8u9wB,2016-02-17 08:43:29.193,Y,J07gR8u9wB,"4vSEUeR1sm"
"4LNQKL23g4",GypGNaT30A,GypGNaT30A,Alma Osorio,Permanent Placement                     ,N,2010-05-27,G7p1wTo3ZX,2010-03-24,Guardian Requesting FC Payment          ,Guardian Non-Relative                   ,HNJBptNEUE,2009-09-14,LjiikqTEUE,5857,Dependency Terminated                   ,HNJBptNEUE,2009-09-15 14:39:46.979,Y,HNJBptNEUE,"4LNQKL23g4"
"4UDHwb5C5Y","2HUHUsmBuJ","2HUHUsmBuJ",Whyttney Dennis,Permanent Placement                     ,N,2010-08-04,DBJGUgtC5Y,2010-07-15,Guardian Requesting FC Payment          ,Guardian Non-Relative                   ,"2EttSQwHby",2010-07-15,SFrCnRGHby,1362,Jurisdiction Terminated                 ,"2EttSQwHby",2010-07-21 08:57:28.695,Y,"2EttSQwHby","4UDHwb5C5Y"
"47rFJH884x",FeH2mSP54S,FeH2mSP54S,Amanda Hall,Permanent Placement                     ,N,2007-03-21,R8r2AY684x,2007-03-15,Guardian Requesting FC Payment          ,Guardian Non-Relative                   ,"02OJUx1FAP",2007-03-15,Si3joHzFAP,5857,Dependency Terminated                   ,"02OJUx1FAP",2007-03-19 08:15:57.379,Y,"02OJUx1FAP","47rFJH884x"
"47rFJH884x",FeH2mSP54S,FeH2mSP54S,Amanda Hall,Permanent Placement                     ,N,2007-03-21,R8r2AY684x,2007-03-15,Guardian Requesting FC Payment          ,Guardian Non-Relative                   ,"02OJUx1FAP",2007-03-15,S6YPqjTFAP,1362,Jurisdiction Terminated                 ,"02OJUx1FAP",2007-03-19 08:15:57.379,Y,"02OJUx1FAP","47rFJH884x"
"5aS5z4X3LX",MkY1mNu3Lr,MkY1mNu3Lr,David Barrera,Permanent Placement                     ,N,2002-03-06,SFXhazt9Em,2002-01-21,Guardian Requesting FC Payment          ,Guardian Non-Relative                   ,"4dhOPSf9Em",2001-05-14,RInEoZ39Em,5857,Dependency Terminated                   ,"4dhOPSf9Em",2001-09-19 11:31:06.438,Y,"4dhOPSf9Em","5aS5z4X3LX"
"5etPjFZ04F","5xe4i1p04F","5xe4i1p04F",Naomi Jeffries-Kinney,Permanent Placement                     ,N,2002-04-29,ThcDgn304F,2002-04-18,Guardian Requesting FC Payment          ,Guardian Non-Relative                   ,"9QggVu93El",2001-07-25,"9j2x4h33El",1362,Jurisdiction Terminated                 ,"9QggVu93El",2001-07-25 16:07:27.404,Y,"9QggVu93El","5etPjFZ04F"
"5t9dk3t33A",EUFCm5R33A,EUFCm5R33A,Francis Herron,Permanent Placement                     ,N,2008-10-23,CysEP6Q3tH,2008-10-01,Guardian Requesting FC Payment          ,Guardian Non-Relative                   ,"8aiM3ieEZs",2008-10-01,"3XUZDmmEZs",1362,Jurisdiction Terminated                 ,"8aiM3ieEZs",2008-10-02 11:04:46.476,Y,"8aiM3ieEZs","5t9dk3t33A"
"5xPKvRp4Cm",L05pdim7LI,L05pdim7LI,Takiyah Sanders,Permanent Placement                     ,N,,Eqxy7Mn4DP,,Guardian Requesting FC Payment          ,Guardian Non-Relative                   ,Br6crgeakG,2021-01-19,"3YxeZnVApl",5857,Dependency Terminated                   ,Br6crgeakG,2021-01-25 11:55:44.898,Y,Br6crgeakG,"5xPKvRp4Cm"
"5BvBuIF2uy","8RNgvVx40S","8RNgvVx40S",Jazmine Dzialo,Permanent Placement                     ,N,2002-02-13,"3lhLX8HFmM",2009-04-23,Guardian Requesting FC Payment          ,Guardian Non-Relative                   ,GenJGRZ8CO,2001-10-02,QgrIduw7uM,5857,Dependency Terminated                   ,GenJGRZ8CO,2002-02-01 19:02:13.947,Y,GenJGRZ8CO,"5BvBuIF2uy"
"5FqjXNJ37S",PH29VKL37S,PH29VKL37S,Reyna Lopez,Permanent Placement                     ,N,2004-10-31,CMQVV8D37S,2004-10-27,Guardian Requesting FC Payment          ,Guardian Non-Relative                   ,Bcr0tPi7yL,2002-06-12,C6m34PY1A2,5857,Dependency Terminated                   ,Bcr0tPi7yL,2002-06-18 15:57:15.729,Y,Bcr0tPi7yL,"5FqjXNJ37S"
"5FqjXNJ37S",PH29VKL37S,PH29VKL37S,Reyna Lopez,Permanent Placement                     ,N,2004-10-31,CMQVV8D37S,2004-10-27,Guardian Requesting FC Payment          ,Guardian Non-Relative                   ,Bcr0tPi7yL,2002-06-12,"2Gc6ivu7yB",1362,Jurisdiction Terminated                 ,Bcr0tPi7yL,2002-06-18 15:57:15.729,Y,Bcr0tPi7yL,"5FqjXNJ37S"
"5FqjXNJ37S",PH29VKL37S,PH29VKL37S,Reyna Lopez,Permanent Placement                     ,N,2004-10-31,CMQVV8D37S,2004-10-27,Guardian Requesting FC Payment          ,Guardian Non-Relative                   ,U5ceztW2LY,2002-06-12,"2JMjVO41A2",5857,Dependency Terminated                   ,U5ceztW2LY,2003-04-30 20:41:51.551,Y,U5ceztW2LY,"5FqjXNJ37S"
"5FqjXNJ37S",PH29VKL37S,PH29VKL37S,Reyna Lopez,Permanent Placement                     ,N,2004-10-31,CMQVV8D37S,2004-10-27,Guardian Requesting FC Payment          ,Guardian Non-Relative                   ,U5ceztW2LY,2002-06-12,"8bTHIUp1A2",1362,Jurisdiction Terminated                 ,U5ceztW2LY,2003-04-30 20:41:51.551,Y,U5ceztW2LY,"5FqjXNJ37S"
"6mZepXk2Mu","1YzGGBk2S9","1YzGGBk2S9",Yadirah Diaz,Permanent Placement                     ,N,2006-02-07,HZ3pEJU2U6,2005-12-06,Guardian Requesting FC Payment          ,Guardian Non-Relative                   ,OOqA3Yn9v7,2005-12-06,A04Xi8H2Mq,1362,Jurisdiction Terminated                 ,OOqA3Yn9v7,2005-12-09 10:12:35.962,Y,OOqA3Yn9v7,"6mZepXk2Mu"
"6E8ZYa10nx","1ogZK2K5Dj","1ogZK2K5Dj",Wendy Cortez,Permanent Placement                     ,N,2011-08-22,KRLPzHl0nx,2011-04-06,Guardian Requesting FC Payment          ,Guardian Non-Relative                   ,Hz1scBj1GV,2011-08-15,SfwvAZMGqC,1362,Jurisdiction Terminated                 ,Hz1scBj1GV,2012-02-01 13:57:54.829,Y,Hz1scBj1GV,"6E8ZYa10nx"
"68nSHh315A","07mTD3x15A","07mTD3x15A",Ludwig Dischner,Permanent Placement                     ,N,2002-12-04,OhjqLkP15A,2002-11-18,Guardian Requesting FC Payment          ,Guardian Non-Relative                   ,L6c0kaMA3w,2002-11-18,"0YEl2sY3Sm",5857,Dependency Terminated                   ,L6c0kaMA3w,2002-12-04 13:55:17.563,Y,L6c0kaMA3w,"68nSHh315A"
"7pXZjYf2vd","4gNUErfNnr","4gNUErfNnr",Amber West,Permanent Placement                     ,N,2016-10-13,"1TrLnl3FSD",2016-09-07,Guardian Requesting FC Payment          ,Guardian Non-Relative                   ,BvQKs44EC3,2016-09-22,QeX2BBUEC3,5857,Dependency Terminated                   ,BvQKs44EC3,2016-10-11 12:22:53.116,Y,BvQKs44EC3,"7pXZjYf2vd"
"7pXZjYf2vd","4gNUErfNnr","4gNUErfNnr",Amber West,Permanent Placement                     ,N,2016-10-13,"1TrLnl3FSD",2016-09-07,Guardian Requesting FC Payment          ,Guardian Non-Relative                   ,BvQKs44EC3,2016-09-22,QLmNCPEEC3,1362,Jurisdiction Terminated                 ,BvQKs44EC3,2016-10-11 12:22:53.116,Y,BvQKs44EC3,"7pXZjYf2vd"
"79e3aNy7pu",D2I0eJ704F,D2I0eJ704F,Jonell Rangel,Permanent Placement                     ,N,2008-09-15,"0XIHo4k42R",2008-06-06,Guardian Requesting FC Payment          ,Guardian Non-Relative                   ,"602FMnE3EO",2008-06-05,DfW2N8G3Fh,1362,Jurisdiction Terminated                 ,"602FMnE3EO",2008-06-06 07:28:52.836,Y,"602FMnE3EO","79e3aNy7pu"
"79e3aNy7pu",D2I0eJ704F,D2I0eJ704F,Jonell Rangel,Permanent Placement                     ,N,2008-09-15,"0XIHo4k42R",2008-06-06,Guardian Requesting FC Payment          ,Guardian Non-Relative                   ,"602FMnE3EO",2008-06-05,DyGhLuW3Fh,5857,Dependency Terminated                   ,"602FMnE3EO",2008-06-06 07:28:52.836,Y,"602FMnE3EO","79e3aNy7pu"
"8ihhUji193","91SMTVy193","91SMTVy193",Lupita Guevara-De La Cruz,Permanent Placement                     ,N,2010-01-28,Ct4GdBy193,2009-12-04,Guardian Requesting FC Payment          ,Guardian Non-Relative                   ,U9Ed1UTARN,2009-12-04,H7faXTJByq,1362,Jurisdiction Terminated                 ,U9Ed1UTARN,2009-12-07 13:19:55.302,Y,U9Ed1UTARN,"8ihhUji193"
"8oQT33Z37S",N3gHBuj37S,N3gHBuj37S,Marina Ramirez,Permanent Placement                     ,N,2004-08-13,"1DK4xFJ37S",2004-08-02,Guardian Requesting FC Payment          ,Guardian Non-Relative                   ,LRp74xn6Ek,1999-09-10,P7nHJoJ6Ek,1362,Jurisdiction Terminated                 ,LRp74xn6Ek,1999-09-13 11:37:41.927,Y,LRp74xn6Ek,"8oQT33Z37S"
"8qQusfx49S",HGuvjJc9DQ,HGuvjJc9DQ,Jaime Muro,Permanent Placement                     ,N,2007-02-08,"5vwVy2w7vh",2016-05-11,Guardian Requesting FC Payment          ,Guardian Non-Relative                   ,FuuZphDEct,2007-02-21,MbrnQcdBYO,5857,Dependency Terminated                   ,FuuZphDEct,2007-02-22 08:25:00.931,Y,FuuZphDEct,"8qQusfx49S"
"8zmiXzS3rK","8QJjqKq3nX","8QJjqKq3nX",Jeffrey Derragon,Permanent Placement                     ,N,2012-04-03,"1rZ8dc6ASa",2012-03-15,Guardian Requesting FC Payment          ,Guardian Non-Relative                   ,R5U7SoS8ts,2012-03-15,"5l6MO48Dlf",5857,Dependency Terminated                   ,R5U7SoS8ts,2012-03-15 14:55:31.047,Y,R5U7SoS8ts,"8zmiXzS3rK"
"8EUuKVl24F","8z4Xek524F","8z4Xek524F",Shaneil Beavers Pollard,Permanent Placement                     ,N,2002-06-12,NA8CjCe9Em,2002-06-12,Guardian Requesting FC Payment          ,Guardian Non-Relative                   ,LcSEwqK9Em,1999-07-28,PZinj6a9Em,5857,Dependency Terminated                   ,LcSEwqK9Em,2000-08-24 13:58:33.927,Y,LcSEwqK9Em,"8EUuKVl24F"
"859mGmS2cg",TaPgkRfDDC,TaPgkRfDDC,Izaac Rodriguez,Permanent Placement                     ,N,2015-11-21,H9eVhs5CO6,2015-12-10,Guardian Requesting FC Payment          ,Guardian Non-Relative                   ,IY6CCjTN05,2015-12-07,"8xvopng2bc",1362,Jurisdiction Terminated                 ,IY6CCjTN05,2016-01-11 16:23:39.876,Y,IY6CCjTN05,"859mGmS2cg"
"859mGmS2cg",TaPgkRfDDC,TaPgkRfDDC,Izaac Rodriguez,Permanent Placement                     ,N,2015-11-21,H9eVhs5CO6,2015-12-10,Guardian Requesting FC Payment          ,Guardian Non-Relative                   ,IY6CCjTN05,2015-12-07,"9GgToZw2bc",5857,Dependency Terminated                   ,IY6CCjTN05,2016-01-11 16:23:39.876,Y,IY6CCjTN05,"859mGmS2cg"
"9n8fCBvApz",LtXbGzP5Ch,LtXbGzP5Ch,Dezarah Jenkins,Permanent Placement                     ,N,2009-02-06,QZ6gJj9Apz,2008-11-05,Guardian Requesting FC Payment          ,Guardian Non-Relative                   ,"4SBWGKaARN",2009-02-04,OAOr8ubARN,1362,Jurisdiction Terminated                 ,"4SBWGKaARN",2009-02-13 11:50:05.644,Y,"4SBWGKaARN","9n8fCBvApz"
"9xRN2AU84x",HSn0f7x54S,HSn0f7x54S,Steven Hackman,Permanent Placement                     ,N,2007-04-02,"2afNYni84x",2007-04-02,Guardian Requesting FC Payment          ,Guardian Non-Relative                   ,"7pITAuRFAP",2007-03-29,FXBwpo3FRQ,1362,Jurisdiction Terminated                 ,"7pITAuRFAP",2007-03-30 16:16:06.111,Y,"7pITAuRFAP","9xRN2AU84x"
"9R3heT4196",QffDCVe196,QffDCVe196,Jarvell Mc Carter,Permanent Placement                     ,N,2010-07-08,FpcDvXe196,2010-06-10,Guardian Requesting FC Payment          ,Guardian Non-Relative                   ,"0LThMPl6wy",2010-06-10,M0ifILO6wy,1362,Jurisdiction Terminated                 ,"0LThMPl6wy",2010-06-11 14:47:49.485,Y,"0LThMPl6wy","9R3heT4196"
"9S493F93cu",KahcCc13Yq,KahcCc13Yq,Brian Pina,Permanent Placement                     ,N,2014-01-24,Qfn8ZJPJPd,2013-10-01,Guardian Requesting FC Payment          ,Guardian Non-Relative                   ,"8TnChubDcf",2013-10-01,"4uE6b4rEUE",5857,Dependency Terminated                   ,"8TnChubDcf",2013-10-02 11:30:33.261,Y,"8TnChubDcf","9S493F93cu"
